{
  "id": "102019aae79be177eb78fcdcaa9201ed6a7",
  "version": "102019aae79be177da6905c025d0d0c9d31",
  "schema": {
    "name": "wallet",
    "description": "Stores user balances for different currencies.",
    "fields": [
      {
        "name": "id",
        "description": "Unique identifier for each data of this entity.",
        "type": 1,
        "compliance": {
          "confidentiality": 2,
          "reason": "Internal system identifier."
        }
      },
      {
        "name": "data_creator",
        "description": "id of the user who creates the record",
        "type": 1,
        "compliance": {
          "confidentiality": 2,
          "reason": "Internal audit trail."
        }
      },
      {
        "name": "data_updater",
        "description": "id of the user who updates the record",
        "type": 1,
        "compliance": {
          "confidentiality": 2,
          "reason": "Internal audit trail."
        }
      },
      {
        "name": "create_time",
        "description": "create time in timestamp unix",
        "type": 1,
        "compliance": {
          "confidentiality": 2,
          "reason": "Internal audit trail."
        },
        "format": "timestamp"
      },
      {
        "name": "update_time",
        "description": "update time in timestamp unix",
        "type": 1,
        "compliance": {
          "confidentiality": 2,
          "reason": "Internal audit trail."
        },
        "format": "timestamp"
      },
      {
        "name": "user_id",
        "description": "Reference to the user who owns this wallet.",
        "type": 1,
        "compliance": {
          "confidentiality": 3,
          "reason": "Links to user's sensitive data."
        }
      },
      {
        "name": "currency",
        "description": "The currency symbol (e.g., ETH, BTC).",
        "type": 1,
        "compliance": {
          "confidentiality": 2,
          "reason": "Internal operational data."
        }
      },
      {
        "name": "available_balance",
        "description": "Decimal string for the available balance. Uses string for precision.",
        "type": 1,
        "compliance": {
          "confidentiality": 3,
          "reason": "User's financial information."
        }
      },
      {
        "name": "locked_balance",
        "description": "Decimal string for the balance locked in active games. Uses string for precision.",
        "type": 1,
        "compliance": {
          "confidentiality": 3,
          "reason": "User's financial information."
        }
      }
    ],
    "indexes": [
      {
        "fields": [
          "id"
        ],
        "unique": true,
        "primary": true,
        "order": false
      },
      {
        "fields": [
          "currency",
          "user_id"
        ],
        "unique": true,
        "order": false
      },
      {
        "fields": [
          "user_id"
        ],
        "order": false
      },
      {
        "fields": [
          "data_creator"
        ],
        "order": false
      },
      {
        "fields": [
          "data_updater"
        ],
        "order": false
      }
    ],
    "relations": [
      {
        "referencing_fields": [
          "user_id"
        ],
        "referenced_entity": {
          "name": "user"
        },
        "referenced_fields": [
          "id"
        ]
      }
    ]
  },
  "task": {
    "id": "69226b8241e3ace1254f4ffd",
    "root": "69226b8241e3ace1254f4ffd",
    "project": "69226b8241e3ace1254f4ffc",
    "user": "88e1e320-f0c1-7017-5338-314d797229dc"
  },
  "namespace": {
    "id": "01987547fc6c72ecb453bd2736bd4ea0",
    "tenant": 2,
    "name": "global-1",
    "default": true
  },
  "revision": 1
}